{"cameraMode":{"drawMode":0,"name":"Shaded","section":"Shading Mode"},"sceneLighting":true,"audioPlay":false,"sceneViewState":{"showFog":false,"showMaterialUpdate":false,"showSkybox":false,"showFlares":false,"showImageEffects":false,"showParticleSystems":false},"in2DMode":false,"pivot":{"x":382.67254638671877,"y":-37.5461540222168,"z":497.2333984375},"rotation":{"x":0.26566699147224429,"y":-0.6044306755065918,"z":0.22399495542049409,"w":0.7168774008750916},"size":193.2856903076172,"orthographic":false}