{"cameraMode":{"drawMode":0,"name":"Shaded","section":"Shading Mode"},"sceneLighting":true,"audioPlay":false,"sceneViewState":{"showFog":false,"showMaterialUpdate":false,"showSkybox":false,"showFlares":false,"showImageEffects":false,"showParticleSystems":false},"in2DMode":false,"pivot":{"x":576.6490478515625,"y":11.362526893615723,"z":617.3287353515625},"rotation":{"x":-0.030552078038454057,"y":0.6740100383758545,"z":0.027923213317990304,"w":0.7375720143318176},"size":93.63467407226563,"orthographic":false}