{"cameraMode":{"drawMode":0,"name":"Shaded","section":"Shading Mode"},"sceneLighting":true,"audioPlay":false,"sceneViewState":{"showFog":false,"showMaterialUpdate":false,"showSkybox":false,"showFlares":false,"showImageEffects":false,"showParticleSystems":false},"in2DMode":false,"pivot":{"x":499.99884033203127,"y":5.005099773406982,"z":499.9996032714844},"rotation":{"x":-0.07095743715763092,"y":0.04755442589521408,"z":-0.003387288423255086,"w":-0.9963428378105164},"size":72.35155487060547,"orthographic":false}