{"cameraMode":{"drawMode":0,"name":"Shaded","section":"Shading Mode"},"sceneLighting":true,"audioPlay":false,"sceneViewState":{"showFog":false,"showMaterialUpdate":false,"showSkybox":false,"showFlares":false,"showImageEffects":false,"showParticleSystems":false},"in2DMode":false,"pivot":{"x":489.81365966796877,"y":6.620708465576172,"z":550.268310546875},"rotation":{"x":-0.07095743715763092,"y":0.04755442589521408,"z":-0.003387288423255086,"w":-0.9963428378105164},"size":93.65135192871094,"orthographic":false}