{"cameraMode":{"drawMode":0,"name":"Shaded","section":"Shading Mode"},"sceneLighting":true,"audioPlay":false,"sceneViewState":{"showFog":false,"showMaterialUpdate":false,"showSkybox":false,"showFlares":false,"showImageEffects":false,"showParticleSystems":false},"in2DMode":false,"pivot":{"x":258.0211181640625,"y":-168.418212890625,"z":983.8349609375},"rotation":{"x":-0.2449207305908203,"y":0.16310694813728333,"z":-0.04184110090136528,"w":-0.954814076423645},"size":587.3630981445313,"orthographic":false}