{"cameraMode":{"drawMode":0,"name":"Shaded","section":"Shading Mode"},"sceneLighting":true,"audioPlay":false,"sceneViewState":{"showFog":false,"showMaterialUpdate":false,"showSkybox":false,"showFlares":false,"showImageEffects":false,"showParticleSystems":false},"in2DMode":false,"pivot":{"x":353.23040771484377,"y":-154.401123046875,"z":692.3822021484375},"rotation":{"x":-0.291811466217041,"y":0.541445255279541,"z":-0.2077043056488037,"w":-0.7606654763221741},"size":858.1434326171875,"orthographic":false}