{"cameraMode":{"drawMode":0,"name":"Shaded","section":"Shading Mode"},"sceneLighting":true,"audioPlay":false,"sceneViewState":{"showFog":false,"showMaterialUpdate":false,"showSkybox":false,"showFlares":false,"showImageEffects":false,"showParticleSystems":false},"in2DMode":false,"pivot":{"x":494.3628234863281,"y":5.1964311599731449,"z":488.142822265625},"rotation":{"x":0.19304406642913819,"y":0.5693483948707581,"z":-0.1396903246641159,"w":0.7868109941482544},"size":14.802082061767579,"orthographic":false}