{"cameraMode":{"drawMode":0,"name":"Shaded","section":"Shading Mode"},"sceneLighting":true,"audioPlay":false,"sceneViewState":{"showFog":false,"showMaterialUpdate":false,"showSkybox":false,"showFlares":false,"showImageEffects":false,"showParticleSystems":false},"in2DMode":false,"pivot":{"x":417.71258544921877,"y":-202.0914306640625,"z":1405.189453125},"rotation":{"x":0.2595091462135315,"y":-0.2541114091873169,"z":0.0709843561053276,"w":0.9290030002593994},"size":1146.913818359375,"orthographic":false}