{"cameraMode":{"drawMode":0,"name":"Shaded","section":"Shading Mode"},"sceneLighting":true,"audioPlay":false,"sceneViewState":{"showFog":false,"showMaterialUpdate":false,"showSkybox":false,"showFlares":false,"showImageEffects":false,"showParticleSystems":false},"in2DMode":false,"pivot":{"x":495.49053955078127,"y":9.144733428955079,"z":491.31036376953127},"rotation":{"x":0.19304406642913819,"y":0.5693483948707581,"z":-0.1396903246641159,"w":0.7868109941482544},"size":19.004575729370118,"orthographic":false}