{"cameraMode":{"drawMode":0,"name":"Shaded","section":"Shading Mode"},"sceneLighting":true,"audioPlay":false,"sceneViewState":{"showFog":false,"showMaterialUpdate":false,"showSkybox":false,"showFlares":false,"showImageEffects":false,"showParticleSystems":false},"in2DMode":false,"pivot":{"x":9.118083000183106,"y":11.91146183013916,"z":-7.906804084777832},"rotation":{"x":0.12800776958465577,"y":-0.6198423504829407,"z":0.10340823978185654,"w":0.7672808766365051},"size":17.778806686401368,"orthographic":false}