{"cameraMode":{"drawMode":0,"name":"Shaded","section":"Shading Mode"},"sceneLighting":true,"audioPlay":false,"sceneViewState":{"showFog":false,"showMaterialUpdate":false,"showSkybox":false,"showFlares":false,"showImageEffects":false,"showParticleSystems":false},"in2DMode":false,"pivot":{"x":263.8538818359375,"y":406.8743896484375,"z":901.4320068359375},"rotation":{"x":-0.04713045433163643,"y":0.4055705666542053,"z":-0.020945562049746515,"w":-0.9126113653182983},"size":1958.663818359375,"orthographic":false}