{"cameraMode":{"drawMode":0,"name":"Shaded","section":"Shading Mode"},"sceneLighting":true,"audioPlay":false,"sceneViewState":{"showFog":false,"showMaterialUpdate":false,"showSkybox":false,"showFlares":false,"showImageEffects":false,"showParticleSystems":false},"in2DMode":false,"pivot":{"x":428.76409912109377,"y":30.52606201171875,"z":307.61224365234377},"rotation":{"x":0.42287734150886538,"y":-0.14573997259140016,"z":0.06914595514535904,"w":0.8917542099952698},"size":282.7380065917969,"orthographic":false}