{"cameraMode":{"drawMode":0,"name":"Shaded","section":"Shading Mode"},"sceneLighting":true,"audioPlay":false,"sceneViewState":{"showFog":false,"showMaterialUpdate":false,"showSkybox":false,"showFlares":false,"showImageEffects":false,"showParticleSystems":false},"in2DMode":false,"pivot":{"x":-29.204139709472658,"y":-973.8822021484375,"z":484.9558410644531},"rotation":{"x":0.3725838363170624,"y":-0.6064987778663635,"z":0.3843950629234314,"w":0.587863028049469},"size":1243.0743408203125,"orthographic":false}