{"cameraMode":{"drawMode":0,"name":"Shaded","section":"Shading Mode"},"sceneLighting":true,"audioPlay":false,"sceneViewState":{"showFog":false,"showMaterialUpdate":false,"showSkybox":false,"showFlares":false,"showImageEffects":false,"showParticleSystems":false},"in2DMode":false,"pivot":{"x":498.3854064941406,"y":135.01251220703126,"z":482.11956787109377},"rotation":{"x":0.4039836525917053,"y":-0.5085055232048035,"z":0.2927418649196625,"w":0.7018506526947022},"size":97.82086944580078,"orthographic":false}