{"cameraMode":{"drawMode":0,"name":"Shaded","section":"Shading Mode"},"sceneLighting":true,"audioPlay":false,"sceneViewState":{"showFog":false,"showMaterialUpdate":false,"showSkybox":false,"showFlares":false,"showImageEffects":false,"showParticleSystems":false},"in2DMode":false,"pivot":{"x":529.4951171875,"y":-278.08880615234377,"z":538.7252807617188},"rotation":{"x":0.3110229969024658,"y":-0.5941984057426453,"z":0.2670647203922272,"w":0.6920071244239807},"size":902.705322265625,"orthographic":false}