{"cameraMode":{"drawMode":0,"name":"Shaded","section":"Shading Mode"},"sceneLighting":true,"audioPlay":false,"sceneViewState":{"showFog":false,"showMaterialUpdate":false,"showSkybox":false,"showFlares":false,"showImageEffects":false,"showParticleSystems":false},"in2DMode":false,"pivot":{"x":5.530267715454102,"y":4.809999942779541,"z":-10.031681060791016},"rotation":{"x":-0.0907217487692833,"y":0.9040341377258301,"z":-0.3421512544155121,"w":-0.2397204488515854},"size":25.45193862915039,"orthographic":false}