{"cameraMode":{"drawMode":0,"name":"Shaded","section":"Shading Mode"},"sceneLighting":true,"audioPlay":false,"sceneViewState":{"showFog":false,"showMaterialUpdate":false,"showSkybox":false,"showFlares":false,"showImageEffects":false,"showParticleSystems":false},"in2DMode":false,"pivot":{"x":519.9755249023438,"y":26.23603057861328,"z":506.2850646972656},"rotation":{"x":0.18514493107795716,"y":-0.43999797105789187,"z":0.09323488175868988,"w":0.8737455606460571},"size":61.891151428222659,"orthographic":false}